,title,all_artists,popularity
0,Lines of Nazca,Los Hermanos,2
1,Too Late,Huntingtons,0
2,The TwentySomething,Simple Kid,0
3,Rio Grande,Harald Kloser,13
4,Sealion,Feist,27
5,(Qué Pasaría) Si Mi Chica Se Llamara Shakira,El Chojin,17
6,A Case of You,Michelle Branch,21
7,Spaceships - US33K0512505,Rusted Shut,1
8,I Look Good Without A Shirt On,Jimmy Barnes,0
9,Some Things Never Change,The Dils,1
10,Upswing,Dave Holland Big Band,4
11,Canary In A Coalmine,The Police,48
12,Ain't Misbehavin',James P. Johnson,20
13,I'm The Only One,The Go-Go's,18
14,I Can't Be Bothered,Miranda Lambert,26
15,Self Discovery,Cosmosis,8
16,Skank Quadrille,Yellowman,3
17,Gettin Some Head,DJ Rashad,3
18,Bridge to Cross,Light This City,7
19,Our Last Goodbye Song,Brand New Disaster,0
20,This World Is Not My Home,Bill Monroe & His Blue Grass Boys,0
21,Island In The Sun,Tom Scott,16
22,"Oh, My Lord, What a Time",Lewis Family,0
23,"Oh, My God (Ah, Devla)",Esma Redzepova and Usnija Jasarova,0
24,Det är vi som bestämmer (Vem har lurat alla barnen),Laleh,8
25,Tramontane - Instrumental,Foreigner,30
26,Just A Sucker,JT The Bigga Figga,0
27,Blood Inna Eyes,Chaka Demus & Pliers,1
28,The Trumpet,The Chariot,3
29,“In 2050 When We Know We’ll All Be Dead Anyway”,Because Of Ghosts,3
30,13 Ans,Oldelaf et Monsieur D.,7
31,Oh Main Papa,Eddie Calvert,0
32,Polkamatic - Live at AB 27-10-06,Vitalic,13
33,Didn't I Tell You,Too $hort,4
34,Tengo Que Parar,Miguel Mateos - Zas,19
35,3rd Person Perspective,Wizack Twizack,0
36,Aquarium,Caural,0
37,Moment 86,Lull,0
38,Ordinary Lies,Glashaus,0
39,All Comes To An End,Skyscraeper,0
40,Gatekeeper,Feist,43
41,Guantanamera,Pete Seeger,1
42,You To Me Are Everything,The Real Thing,1
43,Worried Blues,John Fahey,19
44,"After You Get What You Want, You Don't Want It - From ""There's No Business Like Show Business""",Marilyn Monroe,12
45,Love's Gone Cold,Oli Brown,10
46,Pull Me Out,Bebo Norman,0
47,Serenissima,Bob James,4
48,Mit dem Kopf durch die Wand,Ohrbooten,1
49,Ti bud til en ung mann som vil frem i verden,Anne Grete Preus,5
50,Man To Man - Album Version/Remix,Gary Allan,50
51,Comin' Around,Paola & Chiara,7
52,Devi Puja,Krishna Das,25
53,Bemba Colorá,Celia Cruz,41
54,Paradise On Earth,The Five Satins,0
55,Babylon,Lexxus,23
56,Intro 1,Christopher Franke,10
57,You're As Right As Rain,Bob James,24
58,Biggest Part of Me,Take 6,26
59,Wings of Time,Peter Yarrow,6
60,Heads Up! - The Bloody Beetroots Remix,Sound Of Stereo,8
61,Omnio? - Bardo,In The Woods...,5
62,I Want to Talk About You,Billy Eckstine & His Orchestra,0
63,I'm A Man,The Sonics,12
64,The Spark,Alasdair Fraser's Skyedance,1
65,"Eray - Live A Bercy 1,2,3 Soleils",Khaled,23
66,Danza Del Vento,Le Orme,1
67,If You Need Me,The Rolling Stones,27
68,Robot,Donnie,0
69,Mammal Beats,Les Georges Leningrad,0
70,C'mon Let's Fuck,Slush The Villian,0
71,Inner Space,Chick Corea,2
72,Forgive Me,Leona Lewis,41
73,No More Foolin',Bill Wyman,0
74,Final Fight,Gama Bomb,13
75,Thank You - Maxi Version,Down Low,1
76,Badger Boys,The Dancing Did,0
77,Knutsford City Limits,Robbie Williams,25
78,Bright Stars,The Sainte Catherines,1
79,El Barbarazo,Wilfrido Vargas,17
80,Miss June '75,The Brian Jonestown Massacre,28
81,Farming In Beijing - Cakewalk Album Version,Crux,0
82,Angel Food,SubArachnoid Space,0
83,Believe Destination,Dj Victor Montero,0
84,The Monkey - The Clarksdale Sessions,Elvis Costello & The Imposters,3
85,"Stand Still, Look Pretty",The Wreckers,32
86,improv classic - dixieland - Live In Nashville 11/12/07,Tori Amos,1
87,Snakes On A Plane,Josh Martinez,0
88,What Child Is This,Tom Grant,0
89,Walk in My World,Coyote Oldman,15
90,Cardboard City,Let Loose,2
91,Autopista,Obus,19
92,My Bitter Half,The Bled,7
93,Procession Of Regression,Lovehatehero,6
94,Mira lo que son las cosas,Los Solitarios,33
95,Blessed Be The Rock (Reprise),Kurt Carr & The Kurt Carr Singers,6
96,Different Drum,Linda Ronstadt,4
97,Keindahan Alam,Raihan,6
98,Michael - Instrumental,Gipsy Kings,18
99,Boys in Slow Motion,Punchdrunk,0
100,Open,Cheryl Melody,0
101,I'll Be Home For Christmas,B.B. King,5
102,The World May Shudder at my Joy,Tim Love Lee,0
103,Hey Sarita,Augie Meyers,8
104,Bristol Stomp,Len Barry,0
105,Willow Weep For Me,Harry James,12
106,Hey ! Amigo !,Alizée,30
107,Dream Within A Dream,Propaganda,35
108,A Hard Road to Follow,The Flesh Eaters,0
109,Couleurs,M83,26
110,The Dozens,Jesse Fuller,0
111,Behind the Smile,Marcus Miller,6
112,I Don't Know Why I Care About You,Don Nix,0
113,Aprendiz de Miragens,Myrlla Muniz,0
114,Cute & Little & Tight,Spragga Benz,1
115,The Fractal Effect,After The Burial,27
116,Your Love feat Tamara Wallace (Original Mix),Oscar G,0
117,Los Pulques de Apam,Chava Flores,15
118,Half Nelson,Miles Davis Quintet,25
119,Pikku neitsyt,Rauli Badding Somerjoki,2
120,I'd Rather Be Blue Than Green,Sara Martin,0
121,Milk It,Nirvana,50
122,Obvious,Right Said Fred,1
123,Daydreamer,David Cassidy,34
124,L'air bête - Chant,Les Ogres De Barback,19
125,Wir Krochn Im Viereck - Krocha 2k8 Mix,Pete G,0
126,Medicine - Original Radio Mix,Kim Leoni,26
127,Somebody (Somewhere Needs You),Darrell Banks,26
128,Home Again,The Auteurs,8
129,In the Gutter (Live at Cork Opera House),Mick Flannery,4
130,Can't You Hear My Heartbeat,Marianne Faithfull,3
131,I'll Be Home For Christmas - A Christmas Song Album Version,Russ Taff,0
132,Hang Around,Ben Westbeech,8
133,El Hombre Bombilla 1997,El Niño Gusano,1
134,Superstar Chevrolet,The Neckbones,0
135,The 4th 3rd,J-Live,7
136,Goodbye Pork Pie Hat,Jeff Beck,41
137,Niko's Lullaby,Brian McKnight,8
138,Close Encounters Of The Third Kind - Suite,Boston Pops Orchestra,7
139,John Via McLaren Via John - Live,Sex Pistols,0
140,The Sun 'll Shine - Bali Ambient Mix,Ohmna,24
141,Il carrozzone,Tosca,1
142,Archetype,Fear Factory,33
143,Cómo te echo de menos - Unplugged,Alejandro Sanz,43
144,Keep Away from My Baby,Joe Hill Louis,0
145,Kaya,Los Pericos,10
146,We Ought To Be Ashamed,Johnny Cash,7
147,2 O'Clock,Paradise Boys,0
148,Inoxydable - Remasterisé en 2010,Starshooter,4
149,First Day Of Your Life,Vuneny,0
150,Before the Devil,Black My Heart,9
151,Whom They Would Kill,Mortification,1
152,In Loving Memory,Hope For The Dying,2
153,El Negrito,La Portuaria,12
154,I Don’t Wanna Loose You Tonight,Patty Ryan,29
155,Full Body - Original Mix,Kris Wadsworth,0
156,We Close Our Eyes,The Violet Burning,3
157,Besuchen Sie Europa (solange es noch steht) - Single Version,Geier Sturzflug,31
158,Who Was That Masked Man?,Carleen Anderson,1
159,Messaggio d'amore,Dino,0
160,It Came from Outer Space,His Orchestra,0
161,6000 Crazy,SpizzEnergi,2
162,Life,KG Bones,15
163,"This Land is Your Land - Live at Nassau Coliseum, Uniondale, NY - December 1980",Bruce Springsteen,38
164,False Alarm,Cherry Ghost,11
165,Sonar Blow Job,Kraftwelt,2
166,Las Manos,Vicentico,24
167,Sailing Ships,Kiuas,5
168,Something's In The House,Tubeway Army,14
169,Trashtown - 2009 Digital Remaster;,Havana Black,1
170,Because - Part 2,Buddy Johnson,0
171,Your Faithful Friend,Abra Moore,0
172,This Man,Randy Crawford,4
173,Pre Apocalyptic,Christmas Island,0
174,Mobb Sh*t,Yukmouth,0
175,23,Jimmy Eat World,39
176,We Are the Sound,Alexisonfire,37
177,Bright Lights,E.C. Scott,0
178,Suffer In Silence,Susan Ashton,7
179,Best Friend,Jennifer Brown,2
180,F.I.N.E.,Aerosmith,37
181,Mannstoppwirkung,Schweisser,4
182,Pedal An' Wheel,Ninjaman,3
183,Deseo,Luis Eduardo Aute,1
184,La valse de Magali,Darcelys,0
185,"Hessel, Raymond K.",The Dust Brothers,24
186,My Baby Just Cares For Me,Sophie Milman,48
187,My Dad,Christopher Titus,14
188,New Kytakyshu Airport,Useless Wooden Toys,0
189,Og-Ha-Be,Ozric Tentacles,13
190,Rocking Chair Blues,Bessie Smith,0
191,Verzonnen?,Youp van 't Hek,8
192,Two Aged Windows,The World On Higher Downs,0
193,Missing You,John Waite,69
194,Atomic Moog 2000 - Post Nuclear After life Lounge Mix,Coldcut,18
195,Last One / Last One,His Name Is Alive,0
196,Te Amo Assim,Wanessa Camargo,8
197,When the Tears Are Falling,Thomas Godoj,5
198,Holding Court (Tribute To Duke Ellington),Kevin Toney,0
199,Nightmare Creatures - WoNK VIP Remix,Wonk,10
200,Sub-Generation,Bass Mekanik,0
201,Phantom Rider - Acoustic Version,Tora Tora,2
202,Älä piipitä,Ne Luumaet,3
203,Silence,Jars Of Clay,6
204,Selekta Régis,Acorps de Rue,1
205,"Teasable, Pleasable You",Buddy Knox,0
206,Verso Nord,Tiromancino,4
207,Demons Out!,Art Brut,6
208,If I Were You,Jim Lauderdale,3
209,Time to Wine,Iwer George,21
210,Cuando (Floresca El Chuno) - Sunshine Radio Mix,Tom Pulse,21
211,Groovin' High,Ron Hagen,0
212,Kite over Faurndau,DJ Bootsie,0
213,Una Giornata Al Mare,Nuova Equipe 84,0
214,TWO GUITAR LOVERS,Dave Mason,6
215,Wasted Words,Death By Stereo,19
216,Syndrome,Project: Komakino,0
217,Pou Tha Pas,Sakis Rouvas,5
218,You Betrayed Me,Ronnie Davis,0
219,Bring Tha Noize,Anthrax,51
220,You Don't Love Me Anymore - 2008 Version,Eddie Rabbitt,39
221,Wealth of Pride,100 Pets,0
222,Im Called Myself,Graeme Connors,0
223,Girls,Sugababes,27
224,Don't Lose Your Good Thing,Johnny Rawls,0
225,Lies,Marcia Griffiths,0
226,Tell Me,Dick & Dee Dee,20
227,Remember The Times (Intro),Nas,15
228,Won't Make It Home,"Fed-x,The Game",1
229,Reach,Panic DHH,2
230,Fireworks,You Me At Six,39
231,I Wonder Why,Dion & The Belmonts,50
232,All or Nothing,Morten Abel,10
233,I Got Rhythm,Yellowjackets,10
234,If I Love Again,Donald Byrd,2
235,'Merican,Descendents,51
236,More to Us Than That,Michael McDonald,10
237,Raga Miya-Ki-Malhar Ektal,Shafaat Ahmed Khan,7
238,Crashed Out and Wasted,Abrasive Wheels,2
239,Hot Sun On Video,Venus,0
240,Thingy,Samuel Flynn Scott,0
241,Piano Sonata In A Minor D 784 Op. 143: III. Allegro Vivace,Massimiliano Damerini,0
242,Forever,Kenny Hayes,30
243,Aislado,A Room With A View,2
244,Huligan,Monolith,0
245,Sandblasted - 2008 Remastered Version,Swervedriver,10
246,Salutations,House Of Pain,34
247,Cannonball Blues,Furry Lewis,3
248,Morse Code of Love,The Tokens,0
249,Make You a Believer,Sass Jordan,38
250,Sarah's Got a Chainsaw,13th Chime,2
251,The Unquiet Zone,Procol Harum,5
252,The Majesty Of Love,Connie Francis with Orchestra,0
253,123,New Era,1
254,Superman,Robin Thicke,27
255,The Ramones Book,Amusement Parks On Fire,7
256,Oh Jah Jah,TEKA,10
257,Snare Drum Awareness,Rockwell,0
258,Freak Like That,Mister Ries,0
259,Spooky,Percy Sledge,23
260,No Ordinary Love (Interlude),Dave Hollister,9
261,Touch My Heart,Beth Nielsen Chapman,5
262,Last Little Piece,Eva Trout,0
263,Don't Mess With Mister T.,Stanley Turrentine,15
264,"I Don't Know (feat. LaToiya Williams, Soopafly & Suga Free)",LaToiya Williams,28
265,Universe In a Ball!,Devin Townsend Project,23
266,Play It Loud,Chris Cagle,19
267,Mete y Saca,Willie Calderon,35
268,Cat's Squirrel,Blodwyn Pig,4
269,Tango,Litfiba,15
270,Who's Heart Are You Breaking,Hacienda,2
271,Revenge (feat. Truck North & Median),Median,8
272,Peekhole,Marky Ramone,0
273,Sabelina,Susana Seivane,21
274,I'll Be True,The Orlons,8
275,Love Will Find A Way - Ardent Al Electro Dub Remix,Ardent,0
276,Wyjątkowo Zimny Maj - 2011 Remaster,Maanam,33
277,Shi-Du - Legend B Remix,Reysan Khan,0
278,Channeled,Uko,0
279,Hoelahoepen,Tonya,16
280,"I Met Someone (From ""Return to Me"")",Nicholas Pike,11
281,Future Unknown (Remix By Implant),Razed In Black,0
282,I'm Sprung,Fat Bastard,0
283,My Tags Are Purple,Lucky Luciano,1
284,"Un Villaggio, Un'Illusione",Quella Vecchia Locanda,10
285,Dame Un Chance,Charlie Cruz,0
286,"One Play, No Script",Peccatum,1
287,The Howling,The Phantom Band,9
288,New Orleans - Live,Gerry Mulligan,0
289,Luisas,Cibelle,15
290,Let Me Be the One,Kevin Costner & Modern West,16
291,Funky House,Dr. Felix,0
292,Half Hearted,Gisele MacKenzie,0
293,Every Nook And Cranny - The Art And Craft Of Popular Music Album Version,Joy Electric,1
294,Deck The Halls,Brian Culbertson,7
295,Ready to Start - Cyrex Remix,Rene Ablaze,0
296,The Crown,The Honeydogs,0
297,Off the Radar,Shifty,2
298,Too Many Tears - 2003 Remastered Version,Whitesnake,34
299,Green Island,Mystic Revelation Of Rastafari,1
300,Step Up,The Toasters,3
301,Reincarnation Of A Love Bird - Take 1,Eric Dolphy,1
302,Mary Lost a Ring,Don McLean,3
303,Turn Loose,Soultourist,0
304,Down The Road,Lynette Schultz,0
305,Three Coins In A Fountain,Vince Guaraldi Trio,6
306,Rumblin' Man,Jackson Howe,1
307,An Thimithis T' Oniro Mou,Alexia,4
308,I Never Told You What I Do for a Living,My Chemical Romance,57
309,Ruff Ryders' Anthem,DMX,68
310,A Very Very Melancholy Man,Jonathan King,1
311,Break My Heart,Keith Anderson,12
312,Yesterday's Heroes,Les Holroyd,6
313,55 Cards,Jim Bob,0
314,Rising Sun,Century,0
315,Fais Do Do,Doug Kershaw,1
316,Kick The Caty Sack,le Shuuk,0
317,Eve Of Destruction,Duane Eddy,0
318,Why Aye Man,Mark Knopfler,46
319,Surely Shorty,Peven Everett,21
320,Time - Rocco Remix,Pulsedriver,8
321,Los Angeles - Live,Murray Head,2
322,Slib mi dej,Aneta Langerová,4
323,Bella vera,883,42
324,Do It Yourself,The Sprites,0
325,Heaven And Earth,Kenny Lattimore,14
326,The Brainwasher,Daft Punk,32
327,Warsong,White Lion,20
328,Dictatorshit,Sepultura,30
329,Comptine en mode zen,Garou,9
330,Slow Poison,Talisman,0
331,5 Minutes & 3 Seconds,Peter Wright,0
332,Boyo,Chris Murray,1
333,Dreamgift - Remastered,Nancy Rumbel,13
334,Only Wanna Love Ya,Expatriate,0
335,Forget Me Not,Lady and The Lost Boys,0
336,Misdirection,Logan Square,0
337,Intrigued,Das EFX,23
338,When It Comes,Tyler Hilton,35
339,Por Ti,Ana Gabriel,16
340,Just a Feeling,City Center,0
341,Numb And Dumb,Otep,26
342,Eens Dan Zul Je Bij Me Zijn,Jannes,4
343,December 4th,Marmoset,0
344,A Kid Called Mac & A Cat Called Kokomo,Roger Chapman & The Shortlist,0
345,Rokkijuna,J. Karjalainen & Mustat Lasit,2
346,Love Me a Little Bit Longer,Delaney & Bonnie,6
347,Better Things,Karine Polwart,2
348,"Lose Yourself - From ""8 Mile"" Soundtrack",Eminem,76
349,Tillsammans,Mira Calix,3
350,I Fell in Love,Ijahman Levi,11
351,"Love in Practice, Not Theory",The Hot Puppies,0
352,Black Jack David,Alexia Smith,0
353,"Izabella - Live at the Fillmore East, NY - 12/31/69 - 1st Set",Jimi Hendrix,39
354,Don't Go Away,Margo Guryan,21
355,Da Shake Down,DJ Phiene,0
356,Spirit In The Sky,Norman Greenbaum,73
357,Freaky Deaky,Kati Mac,0
358,Samba For Felix,Tommy Flanagan,0
359,Nerdesin,Gülcihan Koç,6
360,Roustabout Holler,Walter Brown,0
361,Almost There,Pedro The Lion,13
362,Half the Time,Discount,2
363,German Angst,Elf,0
364,You've Got Me to Hold Onto - Live,Tanya Tucker,2
365,You Will Never Be Alone,One More Time,5
366,The Conservative,The Orlons,0
367,Forgive Me,Missy Higgins,18
368,Infection 13,Dope Stars Inc.,9
369,Flor de Bulevar,Carlos Chaouen,9
370,Veil of Desire?,Silent Jazz Ensemble,0
371,Inner Meet Me,The Beta Band,36
372,It's Now Something Else,Arthur Yoria,0
373,Repeatlemania,Gruppo Sportivo,0
374,Trouble,Lisa Germano,22
375,Häävalssi,Stella,25
376,Waiting For Yesterday,PulpFusion,0
377,Not This Time,Tinga Stewart,0
378,Just You And I,Melissa Manchester,2
379,Okay,Rio Reiser,7
380,K.M.A.,From Head To Toe,0
381,Jah Will Bless You,Freddie McGregor,1
382,If It Takes Me All Night,The Nolans,7
383,A Bird Or A Bullet (Thought Mix),Test Dept,2
384,Comfort Zone,Karen Bernod,3
385,Creeping Upon,Frank Klepacki,14
386,Loco,Felipe Peláez,40
387,Good As Gold,The Makers,0
388,Revolution,P.O.D.,32
389,Happy despite it all,Jeff Wahl,0
390,Mind Over Matter,Pridebowl,2
391,Rebirth - Instrumental,Descendants Of Cain,0
392,Nightingale,Carole King,33
393,Sally Go 'Round the Roses,Magnus Carlson,4
394,Erin's Lovely Home,Karan Casey,2
395,Something's Going To Happen Soon,Ballboy,2
396,Javali,Jonathan Edwards,0
397,Tough Job,Great American Taxi,0
398,Duke Loves You Madly,Duke Ellington,0
399,Flags,Free Diamonds,0
400,Equal Noise,The Kings,0
401,Marchate,Litzy,6
402,Tjackpounder,The Kristet Utseende,5
403,Everything Has Changed,Lucinda Williams,13
404,Gimmie Gimmie Gimmie,Dirty Projectors,10
405,Rum And Coca-Cola,Vic Schoen & His Orchestra,44
406,Zingari,Il Giardino Dei Semplici,0
407,Chain Reaction,Young Divas,8
408,Vena Cava 1,Diamanda Galás,2
409,Transmission,Low,14
410,St. Louis Shuffle,Fletcher Henderson & His Orchestra,3
411,Another Way,Paul van Dyk,32
412,Woke Up This Morning - Chosen One Mix,The Chosen One,49
413,Le Chercheur D'Or,Arthur H,0
414,How To Build A Super Computer,The Emperor Machine,1
415,Holding On To Letting Go,Marcel,1
416,Boys,Aztec Two-Step,0
417,Still Disco - Extended Mix,Roman Salzger,0
418,Time,Jackie Moore,18
419,Don’t You Know,The Beauty Room,15
420,Kiss of Rain,Elias Viljanen feat. Tony Kakko,1
421,This Close to Dawn,Gordon Jenkins,0
422,Black Widow Spider,Lowell Fulson,0
423,Carry On (Wayward Son) - Silver Nikan Remix Edit,Kevin Willemsma,16
424,Anything You Choose - Stereo Single Mix,Spanky & Our Gang,0
425,Beautiful House,Alucidnation,5
426,Girls Who Keep Goldfish,The Jazz Butcher,1
427,All The Young Dudes,Jimmy Barnes,10
428,Now You Know,Sascha Funke,11
429,Cuatro Vidas,Mundo Miranda,0
430,Demokratischer Sektor (PVD Club Mix),Patenbrigade: Wolff,0
431,Christy Vanity,F-Minus,7
432,"Prologue / Celestial Stars, Wind and Rain Purification / Tears of the Great Spirit",Perry Silverbird,1
433,Nothing in the World Like Love,Labi Siffre,23
434,Led Astray,As Hope Dies,3
435,More Loves Than Stupids,Bunnygrunt,0
436,Eternamente Hoje,Sam The Kid,11
437,Dynamite Tonight,Lordi,19
438,Make It Look Good,J. Melo,17
439,Satanic Disaster,Carnival in Coal,2
440,Lay Of The Last Tinker,Donovan,11
441,The Heimlich Manoeuvre,Full Scale,2
442,Letter Full Of Tears,Gladys Knight & The Pips,6
443,New Song of Freedom,Chip Taylor,0
444,Passive Aggressive - Brothers in Rhythm Remix,Brothers In Rhythm,13
445,I Want You - Remastered Version,Christine Perfect,6
446,Fantasma,X-Wife,1
447,Mission 2,Crown City Rockers,0
448,Pens And Needles,Hawthorne Heights,45
449,I'll Try,Jesse McCartney,21
450,November Spawned a Monster - 2010 Remaster,Morrissey,32
451,First Strike,Signum,12
452,I Don't Want Her,Lee Michaels,5
453,Don't Make Hurting Me A Habit,The Marvelettes,11
454,I Like Food,Descendents,0
455,Bathroom Scenario,Fischer-Z,17
456,Elämä jatkuu - Life Goes On,Pekka Pohjola,7
457,Embraceable You,Charlie Parker & Miles Davis,8
458,This Is The Life,Brent Lamb,0
459,Hit the Mark,Fiction Factory,6
460,Just Do It,Slowride,1
461,Lancer (CacheFlowe Remix),CacheFlowe,0
462,Do Your Time,C-Murder,23
463,Gracias A Ti - Remastered 2016,Nino Bravo,21
464,The Prophet,Sunny Day Real Estate,12
465,Flee,The Jeremy Spencer Band,13
466,Diary Of A Lonely Sailor,The Timewriter,2
467,Canyon Reverie,R. Carlos Nakai,26
468,The Raw (Illmind Remix),Bekay,0
469,The Only One,Vickie Winans,6
470,Mambo,Mario Bauzá,0
471,I'll Never Be Free,Billie Jo Spears,1
472,Can't Get You Off My Mind,Gregory Isaacs,0
473,The Elect,Alastis,0
474,Hero Of War,Rise Against,60
475,At Seventeen,Whistler,0
476,I Don't Like You,Hammerhead,1
477,Why Should I Believe You (Churko Bagpipe Radio),Jenna Drey,0
478,Meu Pior Inimigo,Udora,6
479,Agree With Me And Sleep With Me,Being 747,0
480,Step Up,Candy Dulfer,9
481,Master Breaker,Judge Jules,3
482,The River's Gonna Run,Sam Bush,11
483,Summer Pop Radio,Helen Love,1
484,Shining Star,Jump5,19
485,Falando De Amor,Nana Caymmi E Danilo Caymmi,4
486,Back To The Ground,Jamie Cullum,20
487,Wait for Me,Long John Baldry,0
488,"Doctor, Lawyer, Indian Chief",Betty Hutton,27
489,Call Mr. Lee,Television,31
490,The Titanic Disaster,Pete Seeger,0
491,No Sense,New Model Army,0
492,Ain't No Misery In Me,June Christy,0
493,Arcane Religion - Original Mix,Angra Mainyu,0
494,In The Alley,Jetboy,0
495,February,The Berzerker,6
496,Green,Saltbrennt,0
497,"Well, Benjamin",Shearwater,2
498,Do They Know It's Christmas - (Tribute to Band Aid),Studio Allstars,0
499,Ain't No Sunshine,Sydney Youngblood,11
500,New Song,Simon Fisher Turner,0
501,I'll Keep Waiting,S Club 7,22
502,I Don`t Want U,Blonde Redhead,15
503,Nobody,The Jackson 5,24
504,Crazy 'Bout an Automobile (Every Woman I Know),Ry Cooder,17
505,God's Camera,John Otway,0
506,Freedom,Morgan Heritage,14
507,Was Geht Ab Mit Der Liebe,Mellow Mark,34
508,Iridescence: Peacock's Tail,Miasma & The Carousel Of Headless Horses,1
509,Killing Me Softly,Walter Beasley,24
510,Behind Me Lies Another Fallen Soldier,As I Lay Dying,32
511,Shuffle,Mad Dog Loose,0
512,Teenage Prayer,Gale Storm,0
513,"Opening (from the film, ""Melvin Goes To Dinner"") - Previously Unreleased",Michael Penn,2
514,Undignified,New Radiant Storm King,0
515,Double Dragons,Doof,11
516,Campanilleros,Manuel Imán,0
517,Love Will Tear Us Apart,Squarepusher,22
518,Ni**az Act Worse Then These Hoes,Fat Bastard,0
519,A Nameless Request,Bob Lind,1
520,Three By Mancini,Johnny Mercer,1
521,Open Letter,American Princes,0
522,I'm A Sucker For Your Love,Teena Marie,29
523,First Communication,Agitation Free,35
524,Johnny Lad,Recorded Live By Alan Lomax,0
525,Suite,Rachel Portman,23
526,Ever Felt Cheated?,The (International) Noise Conspiracy,3
527,Hip Hop ist halbschwul,BB Jürgen,8
528,Of Malice And Majesty,Epicurean,1
529,Heaven And A Dixie Night,Pirates Of The Mississippi,5
530,Left Alone,Booker Little,14
531,Making Movies,Hitechjet,0
532,Not What It Used to Be,Fury Of The Headteachers,0
533,Pool Party 2009 - Original Mix,Shazam,7
534,Tausend Gefühle,Solid Gold,1
535,Back In A Minute,Volebeats,0
536,Up In the Kids Room,Two Tone Club,1
537,Grand Central,Boney James,17
538,Keep The Sharks From Your Heart,Rip Rig & Panic,1
539,Sign,Jute Gyte,0
540,Sweets,World Of Twist,14
541,Let's Go,Ministry,35
542,Berlin,Stilettos,0
543,Alech Taadi,Khaled,30
544,Aaj Dipat Divya Deepmalika,Shubha Mudgal,0
545,Contigo Na Distância (Contigo En La Distancia),Trio Irakitan,0
546,You're The Reason I'm In Love,Rod Bernard,0
547,Beautiful Day,Sizzla,22
548,Cool Safe,O.G'z,9
549,Osmo chudo,Yordanka Hristova,0
550,I Can't Leave You Alone,George McCrae,24
551,Hit It Hard,Peaches,17
552,Blackbird - Live,Sylvester,7
553,Django,Ray Bryant Trio,12
554,Hooray For That Little Difference,Johnny Horton,17
555,Congressman Muldoon,Jason Forrest,2
556,Boneca de Bronze,Jorge Ferreira,0
557,"Raga Puriya Kalyan, Gat in Tin",Ali Akbar Khan,1
558,So Blue,Two Dollar Bash,0
559,María Cristina,La Kinky Beat,7
560,Sera Mentira,3-2 Get Funky,0
561,Footballer's Wife,Amy Macdonald,32
562,Zombie - Ray Knox Remix Edit,The Vamprockerz,43
563,The Debt Collectors,Charlie Mole,5
564,Paloma Déjame Ir,Los Caminantes,22
565,Incarnation,Snapcase,17
566,A 7th Minor,Jill Barber,11
567,Où veux-tu aller ?,Fredrika Stahl,34
568,The Last Word In Lonesome Is Me,Sammi Smith,4
569,Never Keep Secrets,20th Century Steel Band,1
570,Stuck In The Middle With You,Stealers Wheel,74
571,The Crawling Eye,Neil Norman & His Cosmic Orchestra,0
572,Warm Valley,Mulgrew Miller,1
573,Blankest Year,Nada Surf,28
574,Charred Remains,Autopsy,22
575,Por una Mentira,Yoskar Sarante,4
576,Long Time Coming,Rubyhorse,4
577,This Is What You Do,Gemma Hayes,4
578,Healing On The Streets,Prince Malachi,4
579,I Didn't Believe In Gravity,Karl Hendricks Trio,0
580,Disease - Conspiracy Of Silence Mix by Konz Ov Zy feat Koito,KONZ OV ZY,0
581,Space-Dye Vest,Dream Theater,44
582,Crunk Monkey ATL Style,Hydro,0
583,Bekhudi,Kaya Project,8
584,The Angry Cry of the Angry Pie,The Falcon,18
585,Hold On,Saving Aimee,1
586,My Joint,Non Fiktion,0
587,Bury It All,Pink Turns Blue,2
588,Train Kept A Rollin',Riot,0
589,Romance,John Patitucci,1
590,Ha Ha Ha,The Dirtbombs,0
591,Nichts zu verlieren,Amaris,2
592,No More Whiskey,Sunnyland Slim,0
593,Maelstrom,Hudba Praha,7
594,Hier encore,David Jalbert,11
595,Hungry Heart,Sexton Blake,13
596,Pillow Track (Original),Tobias Lützenkirchen,0
597,Sport und Musik,Werner Müller,0
598,Love Song for No One,John Mayer,43
599,Queen Majesty,Pat Kelly,5
600,Please and Thank You,The Backyardigans,20
601,She - Reel Platinum 1985,Glenn Danzig,43
602,Come Back,Randy & The Rainbows,1
603,Julie,We Shot The Moon,2
604,Simples De Coração,Engenheiros Do Hawaii,38
605,Tuxedo Junction,The Andrews Sisters,7
606,Reverend Mother,The Wake,1
607,Drive,Dawn Landes,17
608,11 Bagatelles for Solo Fortepiano op. 119 no. 7,Tanya Tomkins and Eric Zivian,0
609,Not Gonna Take It - featuring Rootz,Fort Knox Five,2
610,Juju For Jenkem (CD Bonus Track),Nice Face,0
611,Love Can Be A Nuisance,Charlie Jones,0
612,Barking Dog,F-Minus,0
613,If I Were a Carpenter,American Blues,2
614,Shang-A-Lang,Armitage Shanks,0
615,Creeperia,Jack Frost of Seven Witches,0
616,"Honey in the Honeycomb - from ""Barbara Lea""",Johnny Windhurst Quintet,0
617,Blowing It,Dinosaur Jr.,23
618,Charleston Alley,"Lambert, Hendricks & Ross",7
619,Just a Closer Walk with Thee,The Blind Boys Of Alabama,2
620,Get Your Groove On,Paula Abdul,0
621,Moje On,Aya RL,1
622,Hot Night In the Country,Tracy Byrd,6
623,O Morro Nao Tem Vez,Sérgio Mendes Trio,21
624,Superhero Brother (Live),Sugarshack Sessions,9
625,A Garden In The Rain,Anita Ellis,0
626,Belly Town,Eat,3
627,Closure,Gerald Levert,25
628,Who Am I? - Remastered,Paul Carrack,4
629,Butting Heads,Sick Of It All,4
630,Fallen Angel,Impious,3
631,Brainfog,Static-X,23
632,Consequence of Sounds,Regina Spektor,18
633,Who I Was And Who I Am,Ruth,2
634,Wishing Wells,Ligeia,6
635,Big Apple,Kajagoogoo,0
636,Happy Accidents,Alamo Race Track,3
637,Le balayeur,Tiken Jah Fakoly,27
638,Cellar Door,Laura Cantrell,1
639,Pseudo Mc's (feat. Bonus),Bonus,15
640,I'm Gonna Do It Right (feat. The Pointer Sisters),The Pointer Sisters,18
641,Bellissima,Michele Zarrillo,5
642,Saturday Night Girl,Goodron,0
643,Cielo Rojo - En Vivo Auditorio Nacional,Lucero,23
644,I Keep Faith - Solo Version,Billy Bragg,1
645,For Now..We Toast,At the Drive-In,23
646,Get Original,Chali 2na,21
647,Forked Tongue Kiss,Overkill,10
648,Ninna Nanna Della Vita,Beniamino Gigli,0
649,Animism ((Ferren Remix)),Johan Herz,0
650,Arizona,Mark Lindsay,39
651,The Third Cross - For A Time Like This Album Version,Sheila Walsh,2
652,Living for Today - 2005 Remaster,Pennywise,36
653,Kique ta merde,Assassin,2
654,Talk About It,Andy LeMaster,0
655,Novej,Priessnitz,7
656,See Amid the Winters Snow,Gloria,0
657,Black Bubblegum,Title Tracks,0
658,The One That You Love,Arcadia,0
659,Instrumental,Love Battery,2
660,Headache,Jackson And His Computer Band,0
661,Walk You Home,Badly Drawn Boy,0
662,The Tables Have Turned,Stone Senses,0
663,Epilogue,Confidence,0
664,Macarena,Los Del Rio,55
665,Have Fun,The Beautiful South,23
666,For One Moment,Mary Karlzen,0
667,Make It Happen,John Waite,4
668,Fly Away with Me,Marsha Raven,3
669,Operator,Gene Harris,1
670,Casio,Grindvik,0
671,Burn It Down,Big Noyd,1
672,Nothing Lasts Forever,Jape,1
673,How Long Till the Day,D.O.A.,0
674,Twisted Future - Phantom Beats Remix,Phantom Beats,0
675,Diamond Head,Phil Manzanera,16
676,The Game Gets Old,Sharon Jones & The Dap-Kings,20
677,Hallo Leben,Johanna Zeul,0
678,Monsieur Leonard,The California Cajun Orchestra,0
679,Wormsong,Night In Gales,0
680,Genetic Overkill,Tankard,13
681,Eunuch Nights,The Frumpies,6
682,Tempesta del secolo (feat. Kaos) [Album],Turi,20
683,Butterfingers,Johnny Burnette & The Rock 'N' Roll Trio,9
684,The Less You Have to Carry,Tiger Lou,2
685,High featuring Stephanie Renee - Steal Vybe Spiritual Vox Mix,Stephanie Renee,0
686,Home in a Sentence - B&Q Single Version,King Creosote,1
687,Naughty Boy Need Sweety Male,The Gay Corporation,0
688,La Silente Riva,Emma Shapplin,22
689,No Other,Tree63,7
690,"Come With Us, O Blessed Jesus - Live",Vince Guaraldi,3
691,Ave Maria,David and the High Spirit,0
692,Ain't No Rest for the Wicked,Cage The Elephant,33
693,Dragon Pie,Knights Of The Abyss,23
694,Out of Control,Miraculix,0
695,Outer Space,Boris Brejcha,9
696,"The Invertebraes - Live at Österåker Prison, Sweden - October 1972",Johnny Cash,5
697,Uptown,McCoy Tyner,3
698,Mulato De Qualidade,Carmen Miranda,0
699,Old Man Time,Moose,4
700,Loose Screws,Driller Killer,2
701,I Can Talk - French Horn Rebellion Remix,Two Door Cinema Club,18
702,Si algun día,Francisco Céspedes,4
703,Pandorum,Audio,6
704,Tonight Tonight,Michael Palmer,1
705,Scurvy,Kid Koala,7
706,Deze Kerst Ben je Bij Mij,Jannes,1
707,Imagination,Belouis Some,43
708,Tapis volant 1,-M-,8
709,Straight Jacket Strategy,Vice On Victory,0
710,The Hunter Gets Captured By The Game,The Marvelettes,29
711,Tularosa,Ray Vega,0
712,Million Words,The Skunks,0
713,(The Cure For) The Common Cold Shoulder,New Bomb Turks,3
714,L'uomo e la città - Organ,Piero Umiliani,0
715,Obsession - Instrumental,Jan Johnston,0
716,Blackhole Prophecies,Foreign Beggars,14
717,She Blinded Me With Science,Thomas Dolby,40
718,Cigarro,Zeca Baleiro,10
719,It's Too Late Brother,Johnny B. Moore,0
720,One Hand Loose,Charlie Feathers,28
721,Pain,Inactive Messiah,2
722,We the People,Air Supply,5
723,Bloodstained Ground,Eluveitie,29
724,Vast Stretches of Broken Heart,Jimmy LaFave,1
725,Moon Over Trees - Digitally Remastered 1999,Gary Lyons,23
726,Jump Into This (The OC Mix),Seven Foot Wave,0
727,Awake And Nervous,IQ,7
728,The Greenhouse,Animals That Swim,0
729,Non E' Ancora Finita,Jovanotti,8
730,Cherry Pink and Apple Blossom White,Eddie Calvert,29
731,Mach den Sarg auf,Stephan Remmler,1
732,Mouth Mek Fi Chat,Agent Sasco (Assassin),1
733,Ain't No Feeble Bastard,Soulfly,0
734,St. Tropez,Summer Cats,0
735,Best In Me,Mutlu,1
736,Book of Dreams - Balo Dubb,Melba Moore,0
737,La Vecia Goeba,Pierangelo Bertoli,0
738,Four,Harold Budd,3
739,The Switch,Rival Schools,17
740,Garden of Delight,Paul Avgerinos,10
741,Least Of These,Vaughn Benjamin,16
742,...And I Lust,Anathema,9
743,Relic,Beats Antique,20
744,Sacrapos - The Disparaging Last Gaze,Eluveitie,17
745,"I Can't Write Left-Handed - Live at Carnegie Hall, New York, NY - October 1972",Bill Withers,42
746,Resolutions,Sonny Simmons,0
747,Heart in My Hand,Albatross,0
748,Warum,Juli,32
749,By Whatever Means Necessary...,Stampin' Ground,3
750,On The Beach,Raspberries,8
751,Llorarás - Remastered,Amalia Mendoza,21
752,On Being a Bastard,Coalesce,8
753,Bouncin` on the beat,Ostinato,0
754,Dance Along The Edge,Concrete Blonde,20
755,Your Good Man Caught The Train And Gone,Mississippi Sheiks,1
756,Omega Man,Bee Gees,23
757,Weekend Of Mystery,Bernard Fanning,0
758,Island,The Gregg Allman Band,28
759,La solitudine,Johnny Dorelli,0
760,Hoochie Coochie Man - 2006 Digital Remaster,Long John Baldry,3
761,Sunu,Otha Turner & The Afrossippi Allstars,1
762,Hooked On Love,Dead Or Alive,20
763,Come On,Kabeedies,0
764,Look At The Dawn,The Subhumans,2
765,You'd Think I Would Have Learned By Now,Nanette Natal,0
766,Killer Kaczynski,Mando Diao,21
767,Shimmer,Fuel,53
768,Party Day - David Carretta Remix,Cosmo Vitelli,5
